race_ethnicity,non_metro,detection_shift_sd,certification_shift_sd,predicted_to_actual_ratio_mean,predicted_to_actual_ratio_lower,predicted_to_actual_ratio_upper
nh_white,False,-1.0,-1.0,0.6550061631942294,0.6387230829009477,0.6718243591315645
nh_white,True,-1.0,-1.0,0.6061493366922698,0.5891309456334521,0.6226472281354042
nh_black,False,-1.0,-1.0,0.5535659899606952,0.5380643133632641,0.5671372876271267
nh_black,True,-1.0,-1.0,0.5168770817064415,0.5042670614484834,0.5295504425544851
hispanic,False,-1.0,-1.0,0.5711103876933795,0.5543803072169711,0.5860832730282752
hispanic,True,-1.0,-1.0,0.5320628592329874,0.5185214203578523,0.5467522559784372
nh_aian,False,-1.0,-1.0,0.510631805964462,0.4981790610871247,0.5253496209841723
nh_aian,True,-1.0,-1.0,0.47994611580118135,0.46778764016656227,0.49143844552606164
nh_asian,False,-1.0,-1.0,0.6333183477817637,0.6171350811361215,0.6474996864670111
nh_asian,True,-1.0,-1.0,0.5878910998868961,0.5737463024295791,0.6007189470339303
multiracial,False,-1.0,-1.0,0.5947135283212245,0.577902495447614,0.6123695821138342
multiracial,True,-1.0,-1.0,0.5526872622447859,0.5378382606068727,0.5673154989910273
nh_white,False,-1.0,0.0,0.6716625075733782,0.6563835965921152,0.6882316574702317
nh_white,True,-1.0,0.0,0.6210433298031618,0.6039469560683248,0.6384250298607013
nh_black,False,-1.0,0.0,0.5693762378143092,0.5536425956674126,0.584774402144641
nh_black,True,-1.0,0.0,0.5304311549787174,0.516706042846201,0.5433016068154031
hispanic,False,-1.0,0.0,0.5878608307378383,0.571839519867977,0.6030181549930165
hispanic,True,-1.0,0.0,0.5467288361493917,0.5328997781880134,0.5612705053484206
nh_aian,False,-1.0,0.0,0.5263063611070636,0.5119457251846667,0.5442156140891526
nh_aian,True,-1.0,0.0,0.4931808567773504,0.47979270334546975,0.5058310410760607
nh_asian,False,-1.0,0.0,0.6496263451883321,0.6329524458639486,0.6645839973253128
nh_asian,True,-1.0,0.0,0.6018563508307667,0.5873787940340567,0.615778880968861
multiracial,False,-1.0,0.0,0.6123846785348918,0.595096650862823,0.630700328108441
multiracial,True,-1.0,0.0,0.5680830392712377,0.5525143225273063,0.5847168048209048
nh_white,False,-1.0,1.0,0.6883373118824402,0.6721513124932095,0.7046089052616412
nh_white,True,-1.0,1.0,0.6360891882524867,0.6178887667454535,0.6533023223401343
nh_black,False,-1.0,1.0,0.5852641803896279,0.5691896210988662,0.5993245443352175
nh_black,True,-1.0,1.0,0.5437683174858575,0.5306665364877176,0.5583731689379811
hispanic,False,-1.0,1.0,0.6047206105647458,0.5884061791608357,0.620501311275258
hispanic,True,-1.0,1.0,0.5611919116627527,0.5464921078715523,0.5769855590401718
nh_aian,False,-1.0,1.0,0.5423166008056518,0.5271504551030518,0.5598440088749252
nh_aian,True,-1.0,1.0,0.5071628377338364,0.49422453785599957,0.5203136434164229
nh_asian,False,-1.0,1.0,0.6653098722130286,0.6497285294765721,0.6798808902239311
nh_asian,True,-1.0,1.0,0.615787202616879,0.6011186584822061,0.6301924027366335
multiracial,False,-1.0,1.0,0.6299983864944825,0.6118337419341701,0.6480245280216766
multiracial,True,-1.0,1.0,0.5833441091634916,0.5692421940747541,0.5996292949622328
nh_white,False,0.0,-1.0,0.6738152075800573,0.6579930519309105,0.6893992106123432
nh_white,True,0.0,-1.0,0.6238185849906241,0.6075978110781483,0.6419377009214864
nh_black,False,0.0,-1.0,0.5681076932615732,0.5514006814880008,0.5848311359145457
nh_black,True,0.0,-1.0,0.5298817667216048,0.5178544024547941,0.5430997185257118
hispanic,False,0.0,-1.0,0.586166664688704,0.5693484873759158,0.601756123102454
hispanic,True,0.0,-1.0,0.5455287785291599,0.5309220119860106,0.5598140057097527
nh_aian,False,0.0,-1.0,0.5255673761687114,0.5097078623487596,0.5401147403516442
nh_aian,True,0.0,-1.0,0.49275648474181327,0.479687765782455,0.5069148959948547
nh_asian,False,0.0,-1.0,0.651962497393492,0.6366802191622057,0.6670937989199496
nh_asian,True,0.0,-1.0,0.6047042916441828,0.5899280699602376,0.6186924259658976
multiracial,False,0.0,-1.0,0.6144327347353165,0.5975656849031609,0.6326308594270825
multiracial,True,0.0,-1.0,0.570801891470605,0.5555154312528361,0.5852338914608005
nh_white,False,0.0,0.0,0.6917781090762046,0.6760390962874735,0.707465182057045
nh_white,True,0.0,0.0,0.6399636828401883,0.6232291669867853,0.6576746500281634
nh_black,False,0.0,0.0,0.5853445969252332,0.5687992698927776,0.6011504414277892
nh_black,True,0.0,0.0,0.5446248711588987,0.531881582483816,0.5578286492322209
hispanic,False,0.0,0.0,0.6043847246726515,0.5878705442213555,0.6207820790864275
hispanic,True,0.0,0.0,0.5614366762227575,0.5453675939819705,0.5760395436386727
nh_aian,False,0.0,0.0,0.543269956814558,0.5273410405451793,0.5593690366363462
nh_aian,True,0.0,0.0,0.5080165542337145,0.4947814856733809,0.5218968330737905
nh_asian,False,0.0,0.0,0.6694725174935497,0.652991635848675,0.6853291230948092
nh_asian,True,0.0,0.0,0.6198942883129667,0.6048308306216474,0.634360946200867
multiracial,False,0.0,0.0,0.6339209904438956,0.6164468210225998,0.653491691384003
multiracial,True,0.0,0.0,0.5879449891132266,0.5713973824180921,0.603847956853598
nh_white,False,0.0,1.0,0.7096462659496477,0.6941392545166255,0.7256389362492958
nh_white,True,0.0,1.0,0.6563376984514262,0.6394080612576515,0.6743661995931218
nh_black,False,0.0,1.0,0.6027068545426119,0.5860440614225264,0.6184028286142657
nh_black,True,0.0,1.0,0.5595910788464563,0.5460810585674927,0.5744158082589932
hispanic,False,0.0,1.0,0.6228490536471655,0.6052205712439842,0.6397592475296304
hispanic,True,0.0,1.0,0.5774330574109883,0.5614215470373289,0.5924640908537744
nh_aian,False,0.0,1.0,0.5615259948932741,0.5445697373244318,0.5772289645489906
nh_aian,True,0.0,1.0,0.5241091511774173,0.5093437429149716,0.5389458029709694
nh_asian,False,0.0,1.0,0.6863632213703332,0.6708803342690671,0.7009759924461259
nh_asian,True,0.0,1.0,0.6350986846593791,0.6202276082179525,0.6504864641118902
multiracial,False,0.0,1.0,0.653304006498604,0.6359295287279975,0.6707100044543519
multiracial,True,0.0,1.0,0.6048745434135687,0.5874693388550932,0.6209313960733895
nh_white,False,1.0,-1.0,0.6927971122604066,0.6770185275347952,0.7081599253383062
nh_white,True,1.0,-1.0,0.6411606311851047,0.6235780859671886,0.6588299108066635
nh_black,False,1.0,-1.0,0.5826049263109339,0.5646293346114974,0.5983200556657827
nh_black,True,1.0,-1.0,0.5434179528230726,0.5300350049601545,0.5558197889108752
hispanic,False,1.0,-1.0,0.6014707893742618,0.5845540043194807,0.6175940105234364
hispanic,True,1.0,-1.0,0.5591719163731129,0.54344080870966,0.5742338159418128
nh_aian,False,1.0,-1.0,0.5402637089304982,0.5253404074498419,0.5564397811861121
nh_aian,True,1.0,-1.0,0.5047661880665818,0.4921446767829527,0.5182237055630454
nh_asian,False,1.0,-1.0,0.6699880611467184,0.6541068796051723,0.6858202052655843
nh_asian,True,1.0,-1.0,0.6214481639087648,0.6068470348586469,0.6361298537738472
multiracial,False,1.0,-1.0,0.6344170553176381,0.6171179711234337,0.6526085560888626
multiracial,True,1.0,-1.0,0.5886577649284505,0.5735108321680821,0.6040895419481369
nh_white,False,1.0,0.0,0.7120014730173462,0.6963005300169026,0.7274484585956292
nh_white,True,1.0,0.0,0.6585448795853948,0.6410951767761155,0.6759896580626714
nh_black,False,1.0,0.0,0.6012606085961548,0.584722468405237,0.6176893545151654
nh_black,True,1.0,0.0,0.5595456188341836,0.5461268316365168,0.5729702414150184
hispanic,False,1.0,0.0,0.6211881241377768,0.6045933430235935,0.6393447935115729
hispanic,True,1.0,0.0,0.5766290551862503,0.5621976311928842,0.5909296170704326
nh_aian,False,1.0,0.0,0.559849005707269,0.5433190918094175,0.576581224146688
nh_aian,True,1.0,0.0,0.5223578317191095,0.5083606058757449,0.5354104231177065
nh_asian,False,1.0,0.0,0.6887802627534562,0.671849302254978,0.7042269715607413
nh_asian,True,1.0,0.0,0.6378698467818009,0.6239050557219336,0.6523579742872981
multiracial,False,1.0,0.0,0.6557348524150522,0.6383497613025747,0.6748114344195888
multiracial,True,1.0,0.0,0.6076006877936221,0.5916713333641661,0.623512546466556
nh_white,False,1.0,1.0,0.7311085601539731,0.7138296611440058,0.7473036104413057
nh_white,True,1.0,1.0,0.6761402464264813,0.6577679214135876,0.6934643994657668
nh_black,False,1.0,1.0,0.6200866365105109,0.6032181042543702,0.6360014241049108
nh_black,True,1.0,1.0,0.5759683806732856,0.5620761852112419,0.5902372618747641
hispanic,False,1.0,1.0,0.6411685569634339,0.6238002709709578,0.659065746149404
hispanic,True,1.0,1.0,0.5941849981528272,0.5768739626497945,0.6082841731885628
nh_aian,False,1.0,1.0,0.5801353318848684,0.5626013893491396,0.5962697920358855
nh_aian,True,1.0,1.0,0.5407356630034333,0.5248273317586012,0.5552234406948497
nh_asian,False,1.0,1.0,0.7069288749888665,0.6904909972119321,0.7223255711810093
nh_asian,True,1.0,1.0,0.6543141780749573,0.6400207398683025,0.6700726615270427
multiracial,False,1.0,1.0,0.6768829287889946,0.6594364713373811,0.696321889752031
multiracial,True,1.0,1.0,0.626265399302617,0.6102146572821707,0.6413461563851475
