subgroup,n,model,auroc,auroc_lo,auroc_hi,auprc,sensitivity_top_decile,sensitivity_lo,sensitivity_hi,specificity_top_decile,calibration_intercept,calibration_slope,ece,window
hispanic,564,signal_retrained,0.7089916506101477,0.6227573915847161,0.7939178818251498,0.24176690792617683,0.3333333333333333,0.1922872340425532,0.45101540616246494,0.9190751445086706,0.024387155253004188,0.837833916812118,0.021555226357283856,full_test_cohort
hispanic,564,cost_based,0.735088846071505,0.6504983684986011,0.8150404115301552,0.23570044537115686,0.3333333333333333,0.18746366279069768,0.45,0.905587668593449,0.05618437075067463,0.9000417727766612,0.053563047559449316,full_test_cohort
multiracial,173,signal_retrained,0.4826038159371493,0.30414351851851856,0.6720331996434937,0.07180113859843336,0.09090909090909091,0.0,0.3,0.8950617283950617,0.07056728854498573,-0.11035761926270132,0.06097455353965994,full_test_cohort
multiracial,173,cost_based,0.5808080808080809,0.41325858276011646,0.7533775252525252,0.0851924918591319,0.09090909090909091,0.0,0.4,0.8950617283950617,0.05946422684239354,0.21659367788193215,0.057059673580414826,full_test_cohort
nh_asian,709,signal_retrained,0.776578073089701,0.6494793456676978,0.8865004759448628,0.17861563065960617,0.47619047619047616,0.25,0.6818181818181818,0.9113372093023255,-0.009723927073649833,0.6523480173041685,0.031062226381273716,full_test_cohort
nh_asian,709,cost_based,0.7562638427464009,0.6524476268708077,0.8555590433641368,0.09200833138384516,0.2857142857142857,0.1111111111111111,0.5,0.8997093023255814,0.02286853407597016,0.5040065584658562,0.0169615448436074,full_test_cohort
nh_black,3554,signal_retrained,0.7149504600141543,0.683278161362287,0.7463259641556295,0.2463710549838157,0.321656050955414,0.2736006411250711,0.36709506587445107,0.9212962962962963,0.017143341254092184,0.833745150940797,0.010004165524445979,full_test_cohort
nh_black,3554,cost_based,0.6892260360147835,0.6602136912189163,0.7204844901076249,0.18509257870820373,0.267515923566879,0.23099719429506663,0.31975211889004995,0.9145061728395062,0.06967336564264588,0.9688556296223408,0.06907295838988381,full_test_cohort
nh_nhpi,181,signal_retrained,0.8830409356725146,0.8157885229692728,0.942515227021041,0.32887237762237764,0.4,0.1,0.7272727272727273,0.9122807017543859,-0.019930889279159564,1.1888390185377697,0.038656112822853236,full_test_cohort
nh_nhpi,181,cost_based,0.7529239766081872,0.6543684373108419,0.848165886113589,0.11174496377135205,0.1,0.0,0.42857142857142855,0.8830409356725146,0.04554646285144477,0.4795748402587057,0.048261293467663315,full_test_cohort
nh_white,5508,signal_retrained,0.7356952218744024,0.7097398726483692,0.7624418999015724,0.22942727966346282,0.3366093366093366,0.2986040672235481,0.3846354166666667,0.9188394432464223,0.013822984620995939,0.7851588512663318,0.01075355022057273,full_test_cohort
nh_white,5508,cost_based,0.6902445297857962,0.6623972786372795,0.7176864924774335,0.1535246899414641,0.257985257985258,0.21499492840095466,0.2976530460190866,0.9088414036463438,0.0559689371516922,0.795705740179168,0.051367129095646974,full_test_cohort
unknown,1016,signal_retrained,0.7362149961945255,0.6400182771506456,0.824324154583163,0.2815629868478547,0.4358974358974359,0.2857142857142857,0.5778070175438595,0.9129989764585466,-0.01988564593356442,0.9780771594623344,0.02237306691075521,full_test_cohort
unknown,1016,cost_based,0.6710101566805763,0.5791115769152084,0.7633332450544752,0.11479773962861012,0.28205128205128205,0.14285714285714285,0.425,0.9027635619242579,0.02641814598710007,1.0335289125540381,0.026806391848077815,full_test_cohort
hispanic,389,signal_retrained,0.7168319169027385,0.6190370720789719,0.8149077313404645,0.2851843592264632,0.3333333333333333,0.18181818181818182,0.47368421052631576,0.9235127478753541,0.027765991770058576,0.9807713526068663,0.03613519665227298,test_retained
hispanic,389,cost_based,0.7060513062637709,0.6210698959764244,0.7969343984888759,0.20495389316335683,0.25,0.10803698435277384,0.3939393939393939,0.9065155807365439,0.06437959481836114,1.0456574847224012,0.06560940571601391,test_retained
multiracial,102,signal_retrained,0.5478723404255319,0.33599131347842687,0.7461233008274231,0.11509508363048071,0.125,0.0,0.4,0.8936170212765957,0.07631079243134772,0.03465767088392757,0.06554457512410247,test_retained
multiracial,102,cost_based,0.632313829787234,0.4208610541505278,0.8229452537593984,0.12443701873461936,0.125,0.0,0.5555555555555556,0.8829787234042553,0.06931287350922519,0.47913567681828895,0.06596020761245674,test_retained
nh_asian,508,signal_retrained,0.8025033602150538,0.6561758461705922,0.9188853793635726,0.09078568905961752,0.4166666666666667,0.1535714285714286,0.7,0.907258064516129,0.00018022811931669644,0.3869475687136796,0.036959336437174944,test_retained
nh_asian,508,cost_based,0.7453797043010753,0.5713440151735977,0.8867532258434031,0.08493297580511291,0.3333333333333333,0.09071969696969698,0.6434523809523804,0.8911290322580645,0.018137577249286524,0.3709359402851616,0.011963003705419176,test_retained
nh_black,2729,signal_retrained,0.7113203078187597,0.6751536554543005,0.7440062632803189,0.2542096796567499,0.3023255813953488,0.25190839694656486,0.35714285714285715,0.9210845811412384,0.019698425710689818,0.8577771732241555,0.014594610962032526,test_retained
nh_black,2729,cost_based,0.6789886716924071,0.6439983862981083,0.7120754441721376,0.17628936465874995,0.2441860465116279,0.19830047354521446,0.29056603773584905,0.9105625252934035,0.0786059273859922,0.807686654773738,0.07481193283469488,test_retained
nh_nhpi,108,signal_retrained,0.8925035360678925,0.8102501256913022,0.9572815533980582,0.28672125330041465,0.42857142857142855,0.0,1.0,0.9207920792079208,-0.011262954397261743,1.1998943987165385,0.04451221153485003,test_retained
nh_nhpi,108,cost_based,0.7461103253182462,0.6019071601941747,0.861111111111111,0.1396385252322534,0.14285714285714285,0.0,0.5,0.8910891089108911,0.052684256120844083,0.6112303468166106,0.050619553376906316,test_retained
nh_white,4190,signal_retrained,0.732470206264324,0.7031376074124289,0.760641354720057,0.24115504959376072,0.3205882352941177,0.27376266756670214,0.3622337772975669,0.9194805194805195,0.017850305485331314,0.8193232653569001,0.009906543434546422,test_retained
nh_white,4190,cost_based,0.6909992360580597,0.6596659813420371,0.7191447333480121,0.16179044651257302,0.2529411764705882,0.21147609156955832,0.3002839324646352,0.9106493506493506,0.06315613165089658,0.791805502649604,0.05842604941738032,test_retained
unknown,741,signal_retrained,0.762259728082513,0.6609271704771065,0.8518110109627486,0.2969710922866693,0.43333333333333335,0.2413793103448276,0.6089544513457555,0.9127988748241913,-0.024645567912744436,1.093608472388921,0.02237915129346745,test_retained
unknown,741,cost_based,0.6709798406000937,0.5753696822837069,0.7700911247069493,0.09626614546566065,0.26666666666666666,0.12,0.41379310344827586,0.8959212376933896,0.03225656405005092,0.6828427346991094,0.02843434944828134,test_retained
hispanic,175,signal_retrained,0.6760374832663989,0.43692780748663096,0.8944832718284361,0.1718662262216732,0.3333333333333333,0.0,0.6924999999999998,0.9096385542168675,0.016265790870496614,0.5304596833540068,0.03642987978777715,test_disenrolled
hispanic,175,cost_based,0.8115796519410977,0.6190702231899837,0.9637182838138983,0.35439723856390526,0.5555555555555556,0.2222222222222222,0.8888888888888888,0.9216867469879518,0.034133102933036966,0.6528191539981143,0.027555053642010163,test_disenrolled
multiracial,71,signal_retrained,0.2941176470588235,0.02857142857142858,0.782608695652174,0.04364106753812636,0.0,0.0,0.0,0.8823529411764706,0.05651359414942917,-0.21512110671051585,0.0900292400480576,test_disenrolled
multiracial,71,cost_based,0.4607843137254901,0.15000000000000002,0.8714285714285714,0.05575117370892019,0.0,0.0,0.6666666666666666,0.8823529411764706,0.04851323353468149,-0.3063847792465494,0.052107109057507095,test_disenrolled
nh_asian,201,signal_retrained,0.7563657407407407,0.5525948285906188,0.9359661382229795,0.39050876471420587,0.5555555555555556,0.125,0.8571428571428571,0.9166666666666666,-0.019589853571923395,1.079529189602237,0.025453463226871854,test_disenrolled
nh_asian,201,cost_based,0.785011574074074,0.6102680026067123,0.9086226851851851,0.17155492623816274,0.2222222222222222,0.0,0.6666666666666666,0.9010416666666666,0.01758236626427254,2.5608961636350895,0.037146284388335005,test_disenrolled
nh_black,825,signal_retrained,0.7238412595207133,0.6473109942708688,0.796425142974027,0.22805045965366552,0.375,0.25862068965517243,0.5,0.9193758127438232,0.009039424022522655,0.7419017630573321,0.022832085021743276,test_disenrolled
nh_black,825,cost_based,0.7253390302805127,0.645890827077156,0.8027136368688846,0.24668946701939914,0.39285714285714285,0.28357587064676615,0.5319148936170213,0.9154746423927178,0.039449719587332135,1.486437194171869,0.04875314408911248,test_disenrolled
nh_nhpi,73,signal_retrained,0.8476190476190476,0.7042253521126761,1.0,0.42300194931773877,0.3333333333333333,0.0,1.0,0.9,-0.03254508415057138,1.1690488826601644,0.060817292795758954,test_disenrolled
nh_nhpi,73,cost_based,0.7785714285714286,0.646844362745098,0.8908928571428569,0.1048148148148148,0.0,0.0,0.6666666666666666,0.8714285714285714,0.03521494027367323,0.2629909638874796,0.0473225404732254,test_disenrolled
nh_white,1318,signal_retrained,0.7452008542419796,0.6763751509582613,0.8027276298349525,0.2094534529182303,0.44776119402985076,0.31247438524590165,0.5373421354764638,0.9152677857713829,0.0008763120905702568,0.6739119012412282,0.029189895728090005,test_disenrolled
nh_white,1318,cost_based,0.6889115573213072,0.608842570420964,0.7577351385394553,0.138892026182789,0.2835820895522388,0.17543859649122806,0.3880984686954836,0.903277378097522,0.03324937120084744,0.7466086294362895,0.027281124233027643,test_disenrolled
unknown,275,signal_retrained,0.6382623224728488,0.39627502369106843,0.8829592130181664,0.28491418734973434,0.4444444444444444,0.125,0.8,0.9097744360902256,-0.0137721882727335,0.7797393070287223,0.045577837884087466,test_disenrolled
unknown,275,cost_based,0.6574770258980785,0.41174839302112026,0.8753464155472951,0.2267147667147667,0.4444444444444444,0.09942307692307696,0.8333333333333334,0.9022556390977443,0.013349932814696357,1.7486101484014283,0.023916636722960835,test_disenrolled
